Account,IFM
3M Corp,CBRE
Ball Corporation,CBRE
Boeing Company,JLL
Clorox Company,CBRE
Coca-Cola,CBRE
Covestro,Direct
Danfoss Power Solutions,Amentum
DuPont,Direct
Gallo Wine,Direct
GE Healthcare,Direct
GE Power,Amentum
General Dynamics,Direct
General Electric,CBRE
General Electric,Direct
General Electric,JLL
Lockheed Martin,Direct
Lockheed Martin,Emcor
Mars,CBRE
Molson Coors,Direct
Nestle,Direct
Northrop Grumman,JLL
Procter & Gamble Company,JLL
Procter & Gamble Company - Costa Rica,JLL
Spirit Aerosystems,Direct
Textron Aviation,Direct
Textron Aviation - Singapore,Direct
United Technologies,CBRE
United Technologies,JLL
Westinghouse,JLL
